Error1,Error2,Error3,Aceptado,Parcial1,Parcial2,Final,Tiempo,GanaCurso
657.0,657.0,657.0,657.0,657.0,657.0,657.0,657.0,657.0
3.6133942161339423,1.7549467275494672,0.9863013698630136,1.7488584474885844,3.750974416732788,3.8049967288970947,3.7779970169067383,45.99799086757991,0.9421613394216134
1.7831366798571169,1.1800852743677768,0.8363654604465673,0.4340001893819422,0.735671877861023,0.6088938117027283,0.5068398714065552,14.523940074459887,0.2336159648908048
0.0,0.0,0.0,1.0,0.0,1.4459999799728394,1.0045000314712524,15.54,0.0
2.0,1.0,0.0,1.0,3.180000066757202,3.2899999618530273,3.44320011138916,34.24,1.0
4.0,2.0,1.0,2.0,3.7699999809265137,3.7899999618530273,3.7869999408721924,46.25,1.0
5.0,3.0,2.0,2.0,4.349999904632568,4.289999961853027,4.125899791717529,57.86,1.0
9.0,9.0,2.0,2.0,5.0,4.909999847412109,4.91349983215332,87.1,1.0
